fetched_at,icao24,callsign,origin_country,latitude,longitude,baro_altitude_ft,velocity_kmh,vertical_rate_fpm,phase,squawk
2026-06-14 16:25:06,39de4a,TVF39LV,France,47.8546,7.0064,38975.0,892.9,0.0,CRUISE,1000
2026-06-14 16:25:06,39de43,TVF35DL,France,50.0656,9.4733,38050.0,682.5,0.0,CRUISE,1000
2026-06-14 16:25:06,44028c,EJU394K,Austria,48.6409,7.8046,3225.0,356.8,-1217.0,DESCENDING,1000
2026-06-14 16:25:06,4bc8c3,PGT77PX,Turkey,48.7354,11.0422,35000.0,961.8,0.0,CRUISE,0101
2026-06-14 16:25:06,511170,MBU2QV,Estonia,50.355,10.6244,30000.0,810.6,0.0,CRUISE,1000
2026-06-14 16:25:06,4bc8d2,PGT839Q,Turkey,47.6029,14.1989,36000.0,730.3,65.0,CRUISE,4506
2026-06-14 16:25:06,471efd,WMT5CG,Hungary,47.9647,10.1777,4500.0,294.1,1791.0,CLIMBING,6417
2026-06-14 16:25:06,44029f,AUA21E,Austria,50.3178,10.3586,20500.0,589.1,-1535.0,DESCENDING,1000
2026-06-14 16:25:06,511195,MBU8BX,Estonia,49.4626,10.8007,9700.0,500.2,2624.0,CLIMBING,6652
2026-06-14 16:25:06,3c5ef0,EWG7XR,Germany,50.2192,9.6323,32600.0,925.8,2047.0,CLIMBING,7705
2026-06-14 16:25:06,50040a,EJO1X,,48.3039,10.2844,43000.0,798.3,-65.0,CRUISE,3555
2026-06-14 16:25:06,46b821,AEE510,Greece,48.6828,9.8006,8475.0,467.4,-2047.0,DESCENDING,7425
2026-06-14 16:25:06,46b823,AEE6TH,Greece,48.6351,9.9623,36000.0,708.1,0.0,CRUISE,1000
2026-06-14 16:25:06,44022b,AUA31S,Austria,51.5531,7.3849,32175.0,945.5,1663.0,CLIMBING,1000
2026-06-14 16:25:06,4aca81,NSZ4502,Sweden,48.3743,11.6584,4600.0,406.8,3136.0,CLIMBING,1000
2026-06-14 16:25:06,4aca84,NSZ2940,Sweden,50.1828,12.2103,39000.0,871.4,0.0,CRUISE,6001
2026-06-14 16:25:06,4aca86,NSZ5352,Sweden,49.3781,11.3154,37000.0,827.7,-65.0,CRUISE,1000
2026-06-14 16:25:06,4aca89,NSZ9WP,Sweden,52.919,8.6996,36000.0,829.6,0.0,CRUISE,3533
2026-06-14 16:25:06,4aca90,NOZ72C,Sweden,49.0094,11.6044,39000.0,878.0,0.0,CRUISE,0751
2026-06-14 16:25:06,3d1289,DEFGR,Germany,47.8404,10.0159,3000.0,193.8,193.0,LOW ALT,
2026-06-14 16:25:06,4aca8e,NOZ1107,Sweden,52.2845,13.3467,4425.0,417.1,2112.0,CLIMBING,7266
2026-06-14 16:25:06,3d385c,DETPC,Germany,51.298,9.5752,2575.0,314.1,-65.0,LOW ALT,5012
2026-06-14 16:25:06,3d254e,DEMJM,Germany,48.7768,8.1347,1625.0,162.4,-449.0,DESCENDING,7000
2026-06-14 16:25:06,471f66,WMT7920,Hungary,49.8853,14.3509,15825.0,702.0,2368.0,CLIMBING,
2026-06-14 16:25:06,3945bc,FJBIJ,France,48.1631,7.5383,5800.0,133.6,640.0,CLIMBING,
2026-06-14 16:25:06,407b54,WUK735,United Kingdom,51.6258,7.1333,36000.0,694.8,0.0,CRUISE,0624
2026-06-14 16:25:06,505ceb,TOM5762,Slovakia,48.2622,10.8415,37000.0,952.5,0.0,CRUISE,3457
2026-06-14 16:25:06,47a039,NOZ57GW,Norway,50.1332,12.7964,37000.0,804.6,449.0,CLIMBING,6443
2026-06-14 16:25:06,407b8b,WUK2UC,United Kingdom,51.6243,12.7737,36025.0,733.9,-65.0,CRUISE,3553
2026-06-14 16:25:06,3c4b2f,DLH717,Germany,51.1231,7.2859,26250.0,933.6,-1728.0,DESCENDING,0737
2026-06-14 16:25:06,3c4b4b,EWG80E,Germany,47.5624,11.9427,21250.0,746.4,1856.0,CLIMBING,1000
2026-06-14 16:25:06,4aca0a,NSZ6FY,Sweden,52.7122,7.4909,37000.0,853.7,0.0,CRUISE,1000
2026-06-14 16:25:06,4aca0c,NSZ4BV,Sweden,51.307,9.9449,36000.0,818.9,0.0,CRUISE,1000
2026-06-14 16:25:06,4aca72,SAS1793,Sweden,48.6653,8.3695,35000.0,810.5,-65.0,CRUISE,0757
2026-06-14 16:25:06,471fa9,WZZ3TJ,Hungary,51.3542,7.5946,8975.0,509.5,2303.0,CLIMBING,7640
2026-06-14 16:25:06,4b51ea,HB3395,Switzerland,47.0492,9.5435,6675.0,126.4,-65.0,LOW ALT,
2026-06-14 16:25:06,4aca4f,NSZ4357,Sweden,50.4672,13.4585,37000.0,886.4,0.0,CRUISE,1000
2026-06-14 16:25:06,4bc856,PGT49PK,Turkey,52.1182,14.0462,9925.0,429.7,-961.0,DESCENDING,1000
2026-06-14 16:25:06,4bc855,PGT56HD,Turkey,49.3889,10.0953,25275.0,890.0,640.0,CLIMBING,7707
2026-06-14 16:25:06,4401d3,OEDFC,Austria,48.0656,7.8433,1925.0,173.3,-321.0,LOW ALT,7000
2026-06-14 16:25:06,4521bf,GPX8KW,Bulgaria,47.3706,14.2331,35975.0,733.9,-65.0,CRUISE,6526
2026-06-14 16:25:06,4bc88c,PGT77EK,Turkey,49.9866,14.4956,4650.0,309.3,-577.0,DESCENDING,4571
2026-06-14 16:25:06,3d1186,DEEWS,Germany,50.2979,9.0563,3225.0,246.6,0.0,LOW ALT,4450
2026-06-14 16:25:06,3d34d5,DESGJ,Germany,48.4099,8.7229,4800.0,158.7,65.0,LOW ALT,4452
2026-06-14 16:25:06,3d34d8,DESGM,Germany,47.8533,10.2838,3950.0,174.3,65.0,LOW ALT,
2026-06-14 16:25:06,48d002,SPWAC,Poland,49.5804,14.3172,24000.0,343.2,65.0,CRUISE,0246
2026-06-14 16:25:06,4068f5,EXS61PK,United Kingdom,48.8702,9.9259,37000.0,955.7,0.0,CRUISE,3461
2026-06-14 16:25:06,484fdf,KLM33J,Kingdom of the Netherlands,47.6304,7.6613,35000.0,884.2,-65.0,CRUISE,1000
2026-06-14 16:25:06,440036,EJU59FK,Austria,49.6897,12.8218,30025.0,822.2,0.0,CRUISE,1000
2026-06-14 16:25:06,44001b,AUA214P,Austria,49.8637,9.7316,18425.0,852.0,1919.0,CLIMBING,1000
2026-06-14 16:25:06,3ffa0b,DMKDY,Germany,49.7038,8.7578,3925.0,182.8,-65.0,LOW ALT,7000
2026-06-14 16:25:06,471d63,WZZ3GV,Hungary,52.3815,13.5433,550.0,228.0,-640.0,DESCENDING,5146
2026-06-14 16:25:06,471d5e,WZZ645,Hungary,47.9079,13.4354,36025.0,704.9,0.0,CRUISE,7377
2026-06-14 16:25:06,506df0,S5DVV,Slovenia,48.3725,10.2424,3200.0,215.6,384.0,LOW ALT,7000
2026-06-14 16:25:06,440184,AUA7K,Austria,50.8237,8.5948,37975.0,754.9,65.0,CRUISE,6603
2026-06-14 16:25:06,45caa8,SEH872,Denmark,49.669,14.9137,35975.0,700.1,128.0,CRUISE,6630
2026-06-14 16:25:06,300a7c,DLA8LL,Italy,47.1683,11.3289,25600.0,779.7,-1728.0,DESCENDING,1000
2026-06-14 16:25:06,45caa1,DTR197,Denmark,49.5167,10.2638,17975.0,415.1,0.0,CRUISE,1000
2026-06-14 16:25:06,471dc1,WZZ839,Hungary,50.4227,10.2733,35000.0,983.4,0.0,CRUISE,1000
2026-06-14 16:25:06,4bb2ab,TKJ70Z,Turkey,49.8318,8.9003,10975.0,622.8,1024.0,CLIMBING,7660
2026-06-14 16:25:06,3d489c,DEZTC,Germany,49.1443,10.3709,3700.0,237.0,-65.0,LOW ALT,
2026-06-14 16:25:06,403144,GBSDH,United Kingdom,50.3805,7.6066,5800.0,190.9,-65.0,LOW ALT,4451
2026-06-14 16:25:06,3c4a02,DLH6EE,Germany,48.5804,11.452,14925.0,616.3,2559.0,CLIMBING,1000
2026-06-14 16:25:06,44cdce,BEL2HJ,Belgium,52.4203,13.7857,3150.0,294.4,0.0,LOW ALT,1000
2026-06-14 16:25:06,4bb268,THY1FY,Turkey,47.5452,7.5602,2050.0,254.3,-833.0,DESCENDING,0221
2026-06-14 16:25:06,3efe8f,D7672,Germany,51.4446,7.8358,1925.0,100.3,-65.0,LOW ALT,
2026-06-14 16:25:06,3d32cd,DERMJ,Germany,51.6529,9.5493,2975.0,202.2,0.0,LOW ALT,7000
2026-06-14 16:25:06,506cab,RMB3,Slovenia,51.0327,11.5627,40000.0,725.7,0.0,CRUISE,0605
2026-06-14 16:25:06,8005f0,AIC151,India,47.3338,8.7903,7000.0,492.6,-65.0,LOW ALT,1000
2026-06-14 16:25:06,3d3432,DESAC,Germany,47.7461,9.1103,3025.0,202.6,512.0,CLIMBING,
2026-06-14 16:25:06,3caaab,DBJUK,Germany,48.0738,8.5755,38000.0,852.3,0.0,CRUISE,1064
2026-06-14 16:25:06,8963e6,UAE70M,United Arab Emirates,49.6011,10.2288,41000.0,813.1,0.0,CRUISE,0532
2026-06-14 16:25:06,4ac9f0,SAS71T,Sweden,48.3812,11.841,38950.0,819.5,0.0,CRUISE,0731
2026-06-14 16:25:06,4ac9ef,SAS2669,Sweden,53.3232,13.7346,17600.0,746.1,-1024.0,DESCENDING,1000
2026-06-14 16:25:06,3d31ce,DERCO,Germany,50.6,7.3478,2100.0,185.6,-65.0,LOW ALT,7000
2026-06-14 16:25:06,4d02b7,JFA30M,Luxembourg,48.1715,11.6421,9300.0,549.9,-1472.0,DESCENDING,5713
2026-06-14 16:25:06,4d02a1,JFA99X,Luxembourg,48.0918,7.3538,900.0,181.6,-768.0,DESCENDING,6304
2026-06-14 16:25:06,896464,ETD47,United Arab Emirates,48.7488,8.452,38000.0,793.3,65.0,CRUISE,7540
2026-06-14 16:25:06,4d02da,JFA96B,Luxembourg,52.063,13.8277,42975.0,755.6,65.0,CRUISE,1000
2026-06-14 16:25:06,4064a4,TOM1WY,United Kingdom,47.4908,13.9685,37000.0,963.1,0.0,CRUISE,3444
2026-06-14 16:25:06,3ddc76,CHX51,Germany,48.7848,9.176,1100.0,47.2,-65.0,LOW ALT,0020
2026-06-14 16:25:06,3ddc6f,CHX84,Germany,51.53,11.5788,1100.0,174.8,-65.0,LOW ALT,
2026-06-14 16:25:06,3ff9f0,DMWTN,Germany,49.611,8.382,375.0,110.2,-449.0,DESCENDING,7000
2026-06-14 16:25:06,3e63e3,DKDAH,Germany,49.2842,7.2096,5200.0,149.9,-65.0,LOW ALT,7000
2026-06-14 16:25:06,40658a,CFE56D,United Kingdom,47.9108,7.3911,37000.0,899.5,-65.0,CRUISE,5270
2026-06-14 16:25:06,3ff9d2,DMWNS,Germany,49.367,9.255,3550.0,168.2,-256.0,LOW ALT,
2026-06-14 16:25:06,89659b,ETD7L1,United Arab Emirates,50.2209,12.2134,38000.0,778.9,0.0,CRUISE,1000
2026-06-14 16:25:06,461f9b,FIN5DL,Finland,47.8671,8.6138,13750.0,537.1,-961.0,DESCENDING,1000
2026-06-14 16:25:06,3e781a,DKKRI,Germany,48.0272,10.0607,2850.0,155.1,-65.0,LOW ALT,7000
2026-06-14 16:25:06,3009b6,DLA08E,Italy,48.5784,11.9557,31000.0,938.2,-65.0,CRUISE,1000
2026-06-14 16:25:06,48af01,LOT7VA,Poland,50.6604,14.4036,38000.0,770.4,0.0,CRUISE,1000
2026-06-14 16:25:06,48af02,LOT2151,Poland,50.0599,10.2597,38000.0,691.5,-65.0,CRUISE,1000
2026-06-14 16:25:06,89653b,ETD2KQ,United Arab Emirates,51.5473,11.8054,38000.0,815.5,-65.0,CRUISE,6635
2026-06-14 16:25:06,8964a2,UAE181,United Arab Emirates,48.7749,13.7692,38000.0,738.3,0.0,CRUISE,1000
2026-06-14 16:25:06,3d3262,DERIG,Germany,49.734,8.0442,10000.0,219.4,-65.0,CRUISE,0473
2026-06-14 16:25:06,3c48f0,LHX1PX,Germany,48.3775,11.9604,3250.0,270.4,-705.0,DESCENDING,1000
2026-06-14 16:25:06,3c48f1,EWG4TV,Germany,50.8232,7.8965,25775.0,893.3,1728.0,CLIMBING,1000
2026-06-14 16:25:06,3846bc,FJDHP,France,48.1475,7.5664,5800.0,176.2,384.0,LOW ALT,
2026-06-14 16:25:06,3c48ee,EWG2XZ,Germany,50.4739,9.9462,33500.0,897.6,1024.0,CLIMBING,3741
2026-06-14 16:25:06,484cbc,KLM843,Kingdom of the Netherlands,50.5386,14.529,31000.0,1095.3,0.0,CRUISE,0153
2026-06-14 16:25:06,4078fe,EXS37E,United Kingdom,49.4584,7.6936,37000.0,967.4,0.0,CRUISE,4745
2026-06-14 16:25:06,3ff8f3,DMNVA,Germany,52.2059,8.8892,1025.0,96.9,-65.0,LOW ALT,
2026-06-14 16:25:06,3da5cb,DGJAP,Germany,50.096,9.6265,7000.0,240.4,-65.0,LOW ALT,7421
2026-06-14 16:25:06,0201a1,RAM811D,Morocco,48.4633,7.9621,27000.0,893.9,1856.0,CLIMBING,2563
2026-06-14 16:25:06,407930,BAW867,United Kingdom,50.7392,9.2205,37975.0,714.5,0.0,CRUISE,6611
2026-06-14 16:25:06,4d00c6,LGL9737,Luxembourg,49.1142,8.6118,23000.0,728.6,0.0,CRUISE,1000
2026-06-14 16:25:06,4d00d7,LGL8854,Luxembourg,49.6669,8.9601,24000.0,518.3,65.0,CRUISE,1000
2026-06-14 16:25:06,3e641c,DKDCM,Germany,49.6596,7.642,4775.0,73.7,-65.0,LOW ALT,7000
2026-06-14 16:25:06,4b1bb7,HBKMX,Switzerland,47.667,8.4017,2700.0,137.8,-321.0,LOW ALT,4250
2026-06-14 16:25:06,49d3bb,TVS26D,Czech Republic,48.9448,14.3795,24050.0,580.8,-1217.0,DESCENDING,5535
2026-06-14 16:25:06,3c8483,ADN75C,Germany,49.386,11.349,6025.0,509.9,-2175.0,DESCENDING,7433
2026-06-14 16:25:06,49d3f9,OKHHH,Czech Republic,49.7242,14.1094,1525.0,153.6,-896.0,DESCENDING,4454
2026-06-14 16:25:06,486491,KLM25H,Kingdom of the Netherlands,47.7066,9.9723,39000.0,876.6,65.0,CRUISE,1000
2026-06-14 16:25:06,486494,KLM74N,Kingdom of the Netherlands,48.8273,10.577,38000.0,734.4,0.0,CRUISE,1000
2026-06-14 16:25:06,4ca4ec,RYR3AF,Ireland,47.4318,10.6427,38000.0,752.3,0.0,CRUISE,1000
2026-06-14 16:25:06,498446,CEF123,Czech Republic,49.4446,7.714,1825.0,200.1,-384.0,LOW ALT,1402
2026-06-14 16:25:06,4ca536,SAS1809,Ireland,52.8758,10.5022,37975.0,859.1,0.0,CRUISE,1000
2026-06-14 16:25:06,3cc194,JEI474,Germany,49.5017,9.1521,25000.0,940.1,65.0,CRUISE,0172
2026-06-14 16:25:06,3d3c9a,DEVEW,Germany,49.2127,9.0884,3225.0,212.1,0.0,LOW ALT,
2026-06-14 16:25:06,4ca56d,RYR716U,Ireland,50.1198,14.2218,3550.0,306.4,3008.0,CLIMBING,
2026-06-14 16:25:06,3d3c2b,DEVAP,Germany,52.4633,7.1922,100.0,111.9,-577.0,DESCENDING,7000
2026-06-14 16:25:06,06a3d5,QAF10,Qatar,48.3629,11.9731,38000.0,757.6,0.0,CRUISE,3116
2026-06-14 16:25:06,3d3c56,DEVCG,Germany,50.8284,12.9259,4650.0,199.2,0.0,LOW ALT,7744
2026-06-14 16:25:06,4864c9,PHDTI,Kingdom of the Netherlands,47.8661,10.0298,2225.0,148.5,-833.0,DESCENDING,4453
2026-06-14 16:25:06,39171c,FJLIG,France,48.5357,7.7996,1325.0,159.7,128.0,LOW ALT,3450
2026-06-14 16:25:06,3d193b,DEHUP,Germany,49.9428,9.1885,1900.0,184.0,-65.0,LOW ALT,4450
2026-06-14 16:25:06,502d0e,BTI8BX,Latvia,53.2949,14.194,34000.0,821.5,65.0,CRUISE,1000
2026-06-14 16:25:06,3d3a8e,DEUKS,Germany,49.731,8.3154,3025.0,162.8,0.0,LOW ALT,4451
2026-06-14 16:25:06,71c045,KAL567,Republic of Korea,47.7284,9.6557,17050.0,503.9,-1089.0,DESCENDING,1000
2026-06-14 16:25:06,502cc6,BTI3FL,Latvia,51.0414,8.048,36000.0,684.1,0.0,CRUISE,1000
2026-06-14 16:25:06,4b8df2,CND7LL,Turkey,49.4464,11.6537,37025.0,993.2,0.0,CRUISE,3145
2026-06-14 16:25:06,486504,PHWAL,Kingdom of the Netherlands,51.3823,7.2102,2325.0,231.1,-65.0,LOW ALT,7742
2026-06-14 16:25:06,49d418,TVS2056,Czech Republic,50.0937,12.8452,22725.0,623.4,1535.0,CLIMBING,5171
2026-06-14 16:25:06,502ce6,BTI3KC,Latvia,52.7869,9.8972,38000.0,772.7,-65.0,CRUISE,6077
2026-06-14 16:25:06,49d452,OKHFH,Czech Republic,49.9763,8.3681,29000.0,592.1,128.0,CRUISE,2345
2026-06-14 16:25:06,502d88,BTI9AG,Latvia,50.0789,11.2444,36000.0,729.1,0.0,CRUISE,0000
2026-06-14 16:25:06,502d7d,DLH2141,Latvia,49.2268,10.1652,23000.0,907.4,65.0,CRUISE,1255
2026-06-14 16:25:06,4ba8f9,TKJ6UN,Turkey,50.1804,7.9534,35175.0,975.1,1024.0,CLIMBING,0117
2026-06-14 16:25:06,4b32fd,RGA03,Switzerland,47.0229,7.6382,3325.0,220.9,-256.0,LOW ALT,
2026-06-14 16:25:06,4b32ff,RGA07,Switzerland,47.34,9.5356,2075.0,248.1,-2752.0,DESCENDING,7100
2026-06-14 16:25:06,39bdb7,AFR64PU,France,52.3386,13.9097,9000.0,507.8,0.0,LOW ALT,1000
2026-06-14 16:25:06,39bdb1,AFR28LR,France,51.4897,10.6053,36000.0,715.2,0.0,CRUISE,1000
2026-06-14 16:25:06,3b7565,FAF4106,France,48.8987,8.1493,40125.0,838.9,896.0,CLIMBING,6566
2026-06-14 16:25:06,406d78,BAW168,United Kingdom,49.9839,9.4216,43000.0,818.5,-65.0,CRUISE,3556
2026-06-14 16:25:06,3d185d,DEHMB,Germany,47.89,10.3362,3950.0,194.1,-65.0,LOW ALT,4452
2026-06-14 16:25:06,3ce52c,PWF80,Germany,50.2729,14.217,7800.0,328.0,1600.0,CLIMBING,
2026-06-14 16:25:06,4b3304,RGA02,Switzerland,47.3899,7.4257,4725.0,200.4,577.0,CLIMBING,
2026-06-14 16:25:06,3d17c5,DEHGF,Germany,52.1808,8.8587,1200.0,317.1,-833.0,DESCENDING,
2026-06-14 16:25:06,44083c,EJU41JU,Austria,51.7522,10.2959,36000.0,728.9,-65.0,CRUISE,1000
2026-06-14 16:25:06,4ba979,TKJ8QX,Turkey,47.2648,8.484,37000.0,914.3,-65.0,CRUISE,5604
2026-06-14 16:25:06,44086e,OECSH,Austria,48.9947,12.5069,4000.0,194.2,-65.0,LOW ALT,7000
2026-06-14 16:25:06,4ca302,RYR1HT,Ireland,47.332,13.2916,35975.0,823.0,65.0,CRUISE,1000
2026-06-14 16:25:06,a010ba,N103K,United States,47.8843,7.2353,11500.0,411.0,0.0,CRUISE,3450
2026-06-14 16:25:06,44082b,AUA269,Austria,48.1494,14.9869,27700.0,696.6,1217.0,CLIMBING,5646
2026-06-14 16:25:06,440827,AUA126,Austria,47.7962,14.45,26125.0,805.9,-1024.0,DESCENDING,1000
2026-06-14 16:25:06,440820,AUA28F,Austria,49.743,14.5528,34000.0,677.1,-65.0,CRUISE,1000
2026-06-14 16:25:06,49d38c,TVS52A,Czech Republic,50.146,13.1527,25675.0,568.7,1280.0,CLIMBING,1457
2026-06-14 16:25:06,3d3a26,DEUGS,Germany,48.9023,12.5144,1050.0,0.0,0.0,LOW ALT,4453
2026-06-14 16:25:06,3d1725,DEHAB,Germany,48.6341,12.2554,4800.0,148.6,-65.0,LOW ALT,4454
2026-06-14 16:25:06,4ca1c9,SAS56H,Ireland,49.6383,10.4735,35000.0,825.9,65.0,CRUISE,1000
2026-06-14 16:25:06,3d174b,DEHBN,Germany,50.6284,7.2422,2325.0,149.3,0.0,LOW ALT,7000
2026-06-14 16:25:06,503e9a,EWG5AB,Lithuania,48.2807,13.1164,36975.0,897.9,65.0,CRUISE,1000
2026-06-14 16:25:06,49d253,DFC1CD,Czech Republic,49.9355,14.7439,7075.0,356.5,-1407.0,DESCENDING,1000
2026-06-14 16:25:06,406b62,BAW536,United Kingdom,47.5219,10.2496,37000.0,912.1,-65.0,CRUISE,7315
2026-06-14 16:25:06,39ceb3,TVF30RB,France,50.3974,13.4089,36000.0,724.7,0.0,CRUISE,1000
2026-06-14 16:25:06,48e95e,LOT5CN,Poland,48.037,8.6327,32425.0,785.7,-1089.0,DESCENDING,7302
2026-06-14 16:25:06,440689,OEGHB,Austria,49.2584,8.8229,32975.0,794.4,-2112.0,DESCENDING,0752
2026-06-14 16:25:06,440668,AUA233,Austria,52.384,13.917,6300.0,497.2,-1407.0,DESCENDING,1000
2026-06-14 16:25:06,440665,AUA296,Austria,50.1777,7.1674,31375.0,1001.8,1344.0,CLIMBING,1000
2026-06-14 16:25:06,44065c,AUA187,Austria,48.0737,14.4496,26950.0,757.7,1472.0,CLIMBING,1000
2026-06-14 16:25:06,440614,EJU57YZ,Austria,51.9608,12.8332,22225.0,635.3,2368.0,CLIMBING,1000
2026-06-14 16:25:06,440606,AUA36G,Austria,49.0896,10.8322,36000.0,690.4,0.0,CRUISE,1000
2026-06-14 16:25:06,39cf0f,AFR198,France,48.2,8.7874,35000.0,1017.9,65.0,CRUISE,7551
2026-06-14 16:25:06,4404ef,OECSC,Austria,48.0661,14.0317,2300.0,160.1,-65.0,LOW ALT,
2026-06-14 16:25:06,a00541,N100FR,United States,47.9756,8.9404,4400.0,260.1,-193.0,LOW ALT,
2026-06-14 16:25:06,3ce0f7,PVD428J,Germany,49.7371,7.2859,39450.0,783.2,896.0,CLIMBING,1000
2026-06-14 16:25:06,a47204,N386EM,United States,47.3129,8.4118,12300.0,388.0,-1152.0,DESCENDING,2727
2026-06-14 16:25:06,3d1548,DEGHS,Germany,49.143,8.3988,500.0,1.8,0.0,LOW ALT,
2026-06-14 16:25:06,406c3a,VIR209,United Kingdom,49.7007,10.474,39975.0,790.4,0.0,CRUISE,3122
2026-06-14 16:25:06,48c2af,RYR65QZ,Poland,53.4407,14.2841,35000.0,910.6,0.0,CRUISE,4716
2026-06-14 16:25:06,48c2ac,RYR62PQ,Poland,47.5498,14.2383,35000.0,927.9,-65.0,CRUISE,1000
2026-06-14 16:25:06,a2590f,N250SA,United States,48.0143,7.8371,925.0,146.4,-1152.0,DESCENDING,4452
2026-06-14 16:25:06,48c2a9,RYR6BA,Poland,51.4273,12.361,38000.0,768.4,0.0,CRUISE,7544
2026-06-14 16:25:06,48c2a5,RYR4BM,Poland,52.1773,9.3577,36000.0,740.7,-65.0,CRUISE,3573
2026-06-14 16:25:06,48c2a0,RYR87DD,Poland,51.5642,14.2375,37000.0,914.9,65.0,CRUISE,1000
2026-06-14 16:25:06,406ac4,EXS33RY,United Kingdom,47.7578,7.9227,37000.0,895.8,0.0,CRUISE,5213
2026-06-14 16:25:06,503c92,DMS2RV,Lithuania,50.8884,10.6797,20975.0,591.2,0.0,CRUISE,5013
2026-06-14 16:25:06,48c131,RYR8JU,Poland,52.1348,10.6717,35000.0,950.9,0.0,CRUISE,1000
2026-06-14 16:25:06,44047d,EJU95TY,Austria,47.6423,7.474,31000.0,872.8,0.0,CRUISE,1000
2026-06-14 16:25:06,3feb5e,DMXAA,Germany,49.4847,12.0633,4875.0,224.0,-65.0,LOW ALT,7000
2026-06-14 16:25:06,3d149d,DEGBD,Germany,51.4826,9.5194,17000.0,439.0,0.0,CRUISE,5014
2026-06-14 16:25:06,a7459d,LCO1517,United States,50.2147,8.7839,7200.0,514.3,-2175.0,DESCENDING,1000
2026-06-14 16:25:06,06a1bc,QTR47Y,Qatar,49.9801,9.2958,35000.0,1049.4,0.0,CRUISE,4627
2026-06-14 16:25:06,440432,JFL960,Austria,48.1911,11.8631,10000.0,661.1,-1984.0,DESCENDING,1000
2026-06-14 16:25:06,407ac1,TOM78Y,United Kingdom,47.7897,12.6227,35000.0,951.0,0.0,CRUISE,1144
2026-06-14 16:25:06,4bb842,PGT591E,Turkey,48.6167,10.1271,11075.0,543.0,-1152.0,DESCENDING,6007
2026-06-14 16:25:06,06a1eb,QTR8262,Qatar,49.8703,11.4949,33000.0,1049.5,0.0,CRUISE,7166
2026-06-14 16:25:06,46a5e1,SEH980,Greece,48.4938,9.4132,38000.0,710.7,0.0,CRUISE,1000
2026-06-14 16:25:06,46a5e7,SEH6EV,Greece,49.3205,9.6983,26775.0,872.2,2240.0,CLIMBING,7716
2026-06-14 16:25:06,4bb867,PGT62FJ,Turkey,49.913,12.96,36000.0,662.3,65.0,CRUISE,2652
2026-06-14 16:25:06,46b8b5,AEE852,Greece,47.5027,9.0406,6825.0,347.3,-640.0,DESCENDING,1000
2026-06-14 16:25:06,407d8f,RRR1243,United Kingdom,51.5762,10.3304,43025.0,784.1,0.0,CRUISE,1106
2026-06-14 16:25:06,406a62,EXS92SE,United Kingdom,47.332,7.301,38000.0,750.9,65.0,CRUISE,2753
2026-06-14 16:25:06,48c231,RYR829J,Poland,47.2283,12.4739,32000.0,747.8,-2047.0,DESCENDING,1150
2026-06-14 16:25:06,3d24d3,DEMET,Germany,47.8287,10.0475,2800.0,157.7,-384.0,LOW ALT,7000
2026-06-14 16:25:06,48c223,RYR5AM,Poland,47.4849,11.8663,31000.0,784.5,0.0,CRUISE,1000
2026-06-14 16:25:06,48c220,RYR9KU,Poland,51.7987,7.8539,36000.0,717.8,0.0,CRUISE,3111
2026-06-14 16:25:06,407d44,WUK312,United Kingdom,50.9548,8.2876,35975.0,677.8,65.0,CRUISE,1107
2026-06-14 16:25:06,88516f,THA922,Thailand,48.8334,11.3307,32225.0,693.0,-1663.0,DESCENDING,1000
2026-06-14 16:25:06,4acab0,SAS2963,Sweden,48.8159,11.8156,39000.0,868.8,0.0,CRUISE,0756
2026-06-14 16:25:06,3e338c,DIKSI,Germany,50.9136,7.3474,29000.0,740.7,0.0,CRUISE,1000
2026-06-14 16:25:06,4b1819,SWR1488,Switzerland,49.1369,13.418,26800.0,786.9,-1472.0,DESCENDING,1000
2026-06-14 16:25:06,4b181a,SWR1ZB,Switzerland,47.1059,10.8879,30000.0,718.6,0.0,CRUISE,6627
2026-06-14 16:25:06,440daf,EJU96ND,Austria,49.6842,13.3723,39000.0,849.5,0.0,CRUISE,1000
2026-06-14 16:25:06,3c6671,DLH08F,Germany,48.3651,9.1098,29675.0,815.7,-1600.0,DESCENDING,1000
2026-06-14 16:25:06,3c6675,DLH2XC,Germany,52.21,13.1422,10325.0,504.1,1663.0,CLIMBING,1000
2026-06-14 16:25:06,40812d,EZY36MQ,United Kingdom,49.1336,7.8277,37000.0,957.4,0.0,CRUISE,4742
2026-06-14 16:25:06,4b1884,SWR52,Switzerland,47.4505,7.1872,22625.0,703.0,1152.0,CLIMBING,3030
2026-06-14 16:25:06,3d1e40,DEJSA,Germany,48.7825,11.3992,3700.0,232.2,-65.0,LOW ALT,4454
2026-06-14 16:25:06,3c65ce,DLH67W,Germany,48.252,11.2519,15325.0,633.4,2689.0,CLIMBING,1000
2026-06-14 16:25:06,3c65cd,DLH8LX,Germany,49.6093,14.4532,36000.0,650.1,0.0,CRUISE,1000
2026-06-14 16:25:06,3ff052,DMNMR,Germany,48.2423,12.3539,2525.0,137.2,-65.0,LOW ALT,7000
2026-06-14 16:25:06,3c65d8,DLH7KW,Germany,49.0482,11.113,28225.0,740.1,-1217.0,DESCENDING,6003
2026-06-14 16:25:06,3c6759,DLH8M,Germany,48.5245,12.3695,5000.0,543.3,0.0,LOW ALT,1375
2026-06-14 16:25:06,3c6752,DLH6TV,Germany,47.1857,12.9813,36000.0,928.7,65.0,CRUISE,6426
2026-06-14 16:25:06,408067,EXS62YH,United Kingdom,47.7638,12.1204,39000.0,906.3,65.0,CRUISE,3446
2026-06-14 16:25:06,3c6702,DLH713,Germany,48.537,12.8832,36000.0,758.1,0.0,CRUISE,1000
2026-06-14 16:25:06,440cac,AUA33B,Austria,49.5382,13.7775,38000.0,697.3,0.0,CRUISE,5141
2026-06-14 16:25:06,516001,4OMNE,Montenegro,47.231,12.339,40000.0,708.5,65.0,CRUISE,1335
2026-06-14 16:25:06,4951cb,TAP72LP,Portugal,49.8827,7.3074,15850.0,727.4,-1600.0,DESCENDING,0562
2026-06-14 16:25:06,3c658c,DLH6TU,Germany,48.3674,11.8278,1525.0,236.4,-577.0,DESCENDING,1000
2026-06-14 16:25:06,3c7877,CFG3VT,Germany,47.8072,8.652,33975.0,829.1,0.0,CRUISE,1000
2026-06-14 16:25:06,3c6552,LHX4EL,Germany,50.3165,11.928,31000.0,976.4,0.0,CRUISE,5660
2026-06-14 16:25:06,3c656f,OCN137,Germany,48.532,12.2528,39150.0,716.3,-961.0,DESCENDING,1000
2026-06-14 16:25:06,3c64a9,DLH01A,Germany,48.3706,12.2826,6000.0,407.6,0.0,LOW ALT,1000
2026-06-14 16:25:06,3d726a,HRN171,Germany,51.7269,9.7827,24000.0,432.8,0.0,CRUISE,6717
2026-06-14 16:25:06,4a08e9,ROT373D,Romania,50.4971,8.0404,32000.0,681.4,0.0,CRUISE,1000
2026-06-14 16:25:06,4080e2,EXS78H,United Kingdom,47.0352,13.4256,37000.0,919.5,-65.0,CRUISE,3471
2026-06-14 16:25:06,4a08ed,ROT363T,Romania,50.1682,13.301,38000.0,662.8,0.0,CRUISE,1000
2026-06-14 16:25:06,408184,EZY3180,United Kingdom,50.4539,12.5822,33600.0,658.2,1280.0,CLIMBING,3115
2026-06-14 16:25:06,3c6643,DLH3X,Germany,49.1536,12.353,23625.0,786.5,2240.0,CLIMBING,1000
2026-06-14 16:25:06,3c6655,DLH1KY,Germany,49.9309,8.3535,8800.0,455.3,2689.0,CLIMBING,1000
2026-06-14 16:25:06,3c664c,DLH37F,Germany,49.7814,9.2303,10475.0,606.3,-833.0,DESCENDING,1000
2026-06-14 16:25:06,3c7982,CFG3EA,Germany,48.4803,8.8139,12550.0,647.1,2559.0,CLIMBING,0134
2026-06-14 16:25:06,7103d8,SVA122,Saudi Arabia,50.0919,8.599,35000.0,1052.7,0.0,CRUISE,5254
2026-06-14 16:25:06,3c6469,CFG8PZ,Germany,49.1533,9.3955,18000.0,621.0,-1472.0,DESCENDING,1000
2026-06-14 16:25:06,400877,BAW73NA,United Kingdom,48.6525,8.3204,27775.0,834.0,-1984.0,DESCENDING,2227
2026-06-14 16:25:06,3c6483,DLH8HP,Germany,51.4311,9.7615,25200.0,762.9,-1024.0,DESCENDING,0744
2026-06-14 16:25:06,3c648f,EWG45B,Germany,52.3333,13.4376,2525.0,296.4,2175.0,CLIMBING,1000
2026-06-14 16:25:06,3c6497,DLH4HX,Germany,48.3638,11.7815,1700.0,315.6,2817.0,CLIMBING,
2026-06-14 16:25:06,4b1617,SWR3AG,Switzerland,48.1154,7.1216,24000.0,831.6,-512.0,DESCENDING,1000
2026-06-14 16:25:06,4843a7,PHRPJ,Kingdom of the Netherlands,52.496,7.0618,5000.0,253.2,0.0,LOW ALT,3130
2026-06-14 16:25:06,3c6441,DLH9XV,Germany,48.4004,12.2686,4125.0,422.7,-577.0,DESCENDING,1000
2026-06-14 16:25:06,3c6443,DLH6CJ,Germany,48.0993,13.1847,16025.0,587.6,-1984.0,DESCENDING,1000
2026-06-14 16:25:06,4856c9,KLM7903,Kingdom of the Netherlands,51.2346,9.0798,10000.0,269.4,0.0,CRUISE,4153
2026-06-14 16:25:06,44b0c3,ABB864,Belgium,49.0253,12.7239,34025.0,748.3,0.0,CRUISE,1000
2026-06-14 16:25:06,3dd474,DHASA,Germany,49.6163,9.6351,1600.0,150.0,449.0,CLIMBING,
2026-06-14 16:25:06,4b1699,SWR303C,Switzerland,47.5228,8.4968,4325.0,293.1,1663.0,CLIMBING,1000
2026-06-14 16:25:06,4b1693,SWR3TA,Switzerland,49.627,9.4372,36975.0,778.2,65.0,CRUISE,3003
2026-06-14 16:25:06,4b168f,SWR589X,Switzerland,49.001,8.8099,30075.0,799.6,-961.0,DESCENDING,1000
2026-06-14 16:25:06,4b0274,EZS32UK,Switzerland,47.0969,8.246,16575.0,539.4,-1600.0,DESCENDING,1000
2026-06-14 16:25:06,485789,KLM896,Kingdom of the Netherlands,51.89,8.212,35150.0,654.2,-1344.0,DESCENDING,1000
2026-06-14 16:25:06,4b028b,SWR44L,Switzerland,47.0671,8.5283,18725.0,764.7,2431.0,CLIMBING,1000
2026-06-14 16:25:06,3c6517,DLH420,Germany,49.9284,8.4551,3700.0,456.2,1856.0,CLIMBING,0635
2026-06-14 16:25:06,440ca1,BAG11,Austria,47.9073,13.0645,4225.0,263.2,-961.0,DESCENDING,1000
2026-06-14 16:25:06,3cc605,DCCHH,Germany,53.2692,9.4867,16775.0,710.9,-1728.0,DESCENDING,5343
2026-06-14 16:25:06,408032,EXS87HG,United Kingdom,47.8053,9.9409,37000.0,911.5,65.0,CRUISE,2273
2026-06-14 16:25:06,4844ba,P48000,Kingdom of the Netherlands,48.3595,11.9985,4075.0,329.9,-577.0,DESCENDING,1000
2026-06-14 16:25:06,3d3ff0,DEWLS,Germany,48.4094,10.5241,10000.0,250.2,0.0,CRUISE,4453
2026-06-14 16:25:06,440d71,AUA297W,Austria,49.5616,13.0497,38025.0,709.2,0.0,CRUISE,1000
2026-06-14 16:25:06,3cd8b8,QGA01A,Germany,52.4098,13.6626,2100.0,278.6,-961.0,DESCENDING,5016
2026-06-14 16:25:06,3c75a5,AZE97AT,Germany,49.2206,7.3234,3550.0,361.4,-1089.0,DESCENDING,6475
2026-06-14 16:25:06,484559,KLM1780,Kingdom of the Netherlands,52.4523,8.7844,38000.0,767.7,0.0,CRUISE,1000
2026-06-14 16:25:06,484558,KLM1905,Kingdom of the Netherlands,50.5524,9.9759,35000.0,1008.8,-65.0,CRUISE,1000
2026-06-14 16:25:06,3d1b1a,DEINA,Germany,48.0924,11.3903,4375.0,207.6,-65.0,LOW ALT,7000
2026-06-14 16:25:06,78100b,CCA897,China,52.2865,8.0196,38000.0,878.9,-65.0,CRUISE,3513
2026-06-14 16:25:06,4841c3,MPH9471,Kingdom of the Netherlands,51.3201,7.0855,37025.0,1022.3,-65.0,CRUISE,3133
2026-06-14 16:25:06,4bab45,THY3VP,Turkey,47.8689,12.9561,2800.0,290.3,-896.0,DESCENDING,4216
2026-06-14 16:25:06,4841a6,KLM91X,Kingdom of the Netherlands,47.4644,8.9504,5925.0,314.0,65.0,LOW ALT,1000
2026-06-14 16:25:06,490d03,NJE059G,Portugal,47.4395,8.8082,4800.0,251.4,-705.0,DESCENDING,2031
2026-06-14 16:25:06,4867c1,KLM53D,Kingdom of the Netherlands,50.1277,11.7219,30025.0,961.8,-2047.0,DESCENDING,1000
2026-06-14 16:25:06,3df80c,CHX61,Germany,51.3516,12.1923,400.0,0.0,65.0,LOW ALT,0020
2026-06-14 16:25:06,70c105,OMA101,Oman,48.8404,9.6638,39975.0,740.2,-65.0,CRUISE,4744
2026-06-14 16:25:06,486800,KLM32E,Kingdom of the Netherlands,51.029,8.9722,39000.0,726.8,0.0,CRUISE,1000
2026-06-14 16:25:06,4866fe,PHEAQ,Kingdom of the Netherlands,52.3154,12.5677,20500.0,404.6,1024.0,CLIMBING,1000
2026-06-14 16:25:06,48a5e4,SRN169,Poland,53.0014,10.5562,21000.0,492.7,0.0,CRUISE,1000
2026-06-14 16:25:06,3c0acb,CFG4XK,Germany,49.5507,10.0485,18975.0,597.5,-1089.0,DESCENDING,1000
2026-06-14 16:25:06,4855d1,KLM68V,Kingdom of the Netherlands,52.4557,9.3105,10225.0,493.1,2880.0,CLIMBING,1000
2026-06-14 16:25:06,4baa93,TKJ4SG,Turkey,48.5052,12.4865,35000.0,975.5,0.0,CRUISE,7655
2026-06-14 16:25:06,3c7428,TUI7CX,Germany,52.1817,10.1104,17800.0,695.9,2368.0,CLIMBING,7630
2026-06-14 16:25:06,4b3978,TSW4W,Switzerland,47.7755,7.3907,20000.0,716.5,0.0,CRUISE,1000
2026-06-14 16:25:06,3e175b,AZE181K,Germany,52.0742,12.672,14725.0,422.5,1856.0,CLIMBING,1332
2026-06-14 16:25:06,48436c,KLM844,Kingdom of the Netherlands,51.7839,7.8678,32050.0,719.6,-768.0,DESCENDING,1000
2026-06-14 16:25:06,45d022,MMD6053,Denmark,47.7835,9.1772,39975.0,817.7,0.0,CRUISE,1000
2026-06-14 16:25:06,4bbd07,TKJ2ND,Turkey,50.8444,8.9086,37000.0,991.4,-65.0,CRUISE,0176
2026-06-14 16:25:06,4bbd15,TKJ8FD,Turkey,49.3501,12.4893,36000.0,648.5,0.0,CRUISE,1000
2026-06-14 16:25:06,49d5b4,OKELD,Czech Republic,52.9132,11.5065,25100.0,725.4,-1791.0,DESCENDING,3544
2026-06-14 16:25:06,3ce977,HRN221,Germany,47.6632,8.7533,8000.0,492.8,65.0,LOW ALT,1000
2026-06-14 16:25:06,49d5d7,ATJ251,Czech Republic,48.8591,12.7967,40000.0,728.2,0.0,CRUISE,6613
2026-06-14 16:25:06,3e167c,CHX13,Germany,51.9659,7.6083,750.0,197.0,577.0,CLIMBING,
2026-06-14 16:25:06,4ca808,RYR80WD,Ireland,49.3352,14.2772,18100.0,617.1,-1407.0,DESCENDING,0453
2026-06-14 16:25:06,4ca82f,EJU34GK,Ireland,49.1267,9.3373,36000.0,763.3,-65.0,CRUISE,7517
2026-06-14 16:25:06,3e1686,CHX14,Germany,47.8663,12.1401,1875.0,137.3,833.0,CLIMBING,
2026-06-14 16:25:06,4bcde9,SXS7QF,Turkey,51.3955,7.164,4675.0,470.1,-1407.0,DESCENDING,7546
2026-06-14 16:25:06,4ca764,RYR14AW,Ireland,48.1247,9.7476,38000.0,722.8,0.0,CRUISE,3546
2026-06-14 16:25:06,4864ef,KLM76M,Kingdom of the Netherlands,50.399,9.7046,36000.0,685.7,0.0,CRUISE,1000
2026-06-14 16:25:06,780019,CAO3038,China,52.0015,9.8596,33000.0,902.3,1217.0,CLIMBING,6421
2026-06-14 16:25:06,4866df,TRA1E,Kingdom of the Netherlands,47.6804,13.4924,35050.0,969.0,0.0,CRUISE,3132
2026-06-14 16:25:06,501c2f,CFG6AK,Croatia,50.2799,10.1261,18850.0,623.7,-2559.0,DESCENDING,1000
2026-06-14 16:25:06,49d4cf,QAV30E,Czech Republic,47.4408,14.0497,38000.0,906.8,0.0,CRUISE,1000
2026-06-14 16:25:06,48414c,TRA9L,Kingdom of the Netherlands,51.8373,7.2631,32025.0,708.3,-3201.0,DESCENDING,1000
2026-06-14 16:25:06,4bcdae,SXS21R,Turkey,49.0023,11.3688,26475.0,695.0,-1535.0,DESCENDING,1000
2026-06-14 16:25:06,4bcdac,SXS6VE,Turkey,51.2834,10.0311,38000.0,724.0,0.0,CRUISE,1000
2026-06-14 16:25:06,4a5df7,HYS474,Romania,51.7308,9.6737,33000.0,967.5,-65.0,CRUISE,4665
2026-06-14 16:25:06,4bcda1,SXS6MX,Turkey,47.2519,7.7402,36000.0,756.9,-65.0,CRUISE,2772
2026-06-14 16:25:06,4bccaf,SXS5SV,Turkey,49.8103,7.5444,35000.0,966.9,0.0,CRUISE,0104
2026-06-14 16:25:06,49d65e,AAO54,Czech Republic,49.7932,14.6312,7000.0,401.7,-193.0,LOW ALT,
2026-06-14 16:25:06,49c352,OKBUD52,Czech Republic,50.1342,14.5325,925.0,100.1,-65.0,LOW ALT,
2026-06-14 16:25:06,3d3d9b,DEVOT,Germany,51.9543,9.9508,4150.0,255.6,-512.0,DESCENDING,7000
2026-06-14 16:25:06,4bce0f,SXS2CY,Turkey,49.628,11.6791,36000.0,670.1,0.0,CRUISE,3570
2026-06-14 16:25:06,4bce08,SXS4BW,Turkey,48.1887,11.8089,28000.0,656.9,0.0,CRUISE,7430
2026-06-14 16:25:06,3d3d92,DEVOK,Germany,52.1375,7.7033,300.0,126.0,-65.0,LOW ALT,7060
2026-06-14 16:25:06,4bce14,SXS5YP,Turkey,49.2456,11.4923,38000.0,654.4,0.0,CRUISE,3124
2026-06-14 16:25:06,4bce12,SXS4WE,Turkey,47.743,10.3434,29725.0,662.2,-961.0,DESCENDING,3514
2026-06-14 16:25:06,4d0104,CLX9937,Luxembourg,50.0706,10.7074,31000.0,1062.7,-65.0,CRUISE,3503
2026-06-14 16:25:06,48ad0e,LOT389,Poland,52.3757,13.5961,1225.0,226.3,-705.0,DESCENDING,1000
2026-06-14 16:25:06,3d4300,DEXPW,Germany,49.7799,11.6524,4525.0,201.1,-65.0,LOW ALT,
2026-06-14 16:25:06,3efa2e,,Germany,49.1958,7.6651,4800.0,165.3,-384.0,LOW ALT,7000
2026-06-14 16:25:06,8966bc,ETD7MA,United Arab Emirates,47.4606,12.2137,35975.0,725.5,0.0,CRUISE,6055
2026-06-14 16:25:06,3e7699,DKKCN,Germany,49.4916,11.4363,1975.0,197.1,-65.0,LOW ALT,
2026-06-14 16:25:06,3ff948,DMHGZ,Germany,49.6591,9.2935,3575.0,162.8,-65.0,LOW ALT,4452
2026-06-14 16:25:06,3d433c,DEXSE,Germany,51.7443,8.9668,2225.0,193.9,-65.0,LOW ALT,6321
2026-06-14 16:25:06,3ff91a,DMCTZ,Germany,47.8965,7.6045,3000.0,127.8,-1024.0,DESCENDING,7000
2026-06-14 16:25:06,48ada5,LOT5YB,Poland,50.5761,14.7968,19750.0,665.9,2240.0,CLIMBING,
2026-06-14 16:25:06,48ada1,LOT5PX,Poland,52.4796,7.6289,28475.0,619.0,-1152.0,DESCENDING,1000
2026-06-14 16:25:06,3d4179,DEXAV,Germany,52.2346,9.8905,2050.0,149.5,0.0,LOW ALT,7743
2026-06-14 16:25:06,4caff8,RYR6977,Ireland,48.9002,8.6234,9600.0,425.8,-1280.0,DESCENDING,1000
2026-06-14 16:25:06,3964ee,TVF30QP,France,51.8086,7.1714,39000.0,826.7,-65.0,CRUISE,3333
2026-06-14 16:25:06,40777c,EXS92WS,United Kingdom,49.6897,7.0379,37000.0,981.5,0.0,CRUISE,0521
2026-06-14 16:25:06,010245,MSR782,Egypt,47.3699,12.8531,34975.0,942.0,0.0,CRUISE,7574
2026-06-14 16:25:06,3ccc7f,XRO1305,Germany,47.2731,11.4587,3625.0,274.3,-896.0,DESCENDING,1000
2026-06-14 16:25:06,4b1a1a,EZS67CP,Switzerland,51.3493,10.3712,35000.0,729.4,0.0,CRUISE,1000
2026-06-14 16:25:06,40773b,TOM406,United Kingdom,47.6404,12.1487,35000.0,955.6,-65.0,CRUISE,2151
2026-06-14 16:25:06,4d24de,KMM420,,49.1345,7.9204,34000.0,717.7,0.0,CRUISE,1000
2026-06-14 16:25:06,400db2,EZY93AR,United Kingdom,47.3664,10.3722,39000.0,873.5,128.0,CRUISE,3454
2026-06-14 16:25:06,461e21,FIN1813,Finland,48.3674,11.6926,38000.0,834.2,0.0,CRUISE,6014
2026-06-14 16:25:06,4075df,EZY63GB,United Kingdom,49.8814,7.1743,37025.0,988.1,0.0,CRUISE,4720
2026-06-14 16:25:06,a80321,UPS15,United States,49.4153,12.6812,34000.0,749.1,0.0,CRUISE,1760
2026-06-14 16:25:06,4075bb,EXS593R,United Kingdom,50.8077,7.8814,35650.0,956.1,705.0,CLIMBING,5663
2026-06-14 16:25:06,3ff847,DMLMC,Germany,47.5844,7.7441,2500.0,218.0,-65.0,LOW ALT,7000
2026-06-14 16:25:06,3ff80d,DMKSO,Germany,49.1346,10.7184,4100.0,210.4,0.0,LOW ALT,4454
2026-06-14 16:25:06,4d2502,RYR80AY,,51.0516,11.3665,37000.0,947.6,0.0,CRUISE,1000
2026-06-14 16:25:06,4d2509,EWG57U,,50.8092,7.2322,1450.0,237.2,-640.0,DESCENDING,6604
2026-06-14 16:25:06,4d2507,EWG6U,,50.0278,10.1847,35000.0,983.2,0.0,CRUISE,7737
2026-06-14 16:25:06,4d2536,WZZ23YT,,51.4897,10.7196,32975.0,953.8,65.0,CRUISE,7653
2026-06-14 16:25:06,4caf1c,ITY452,Ireland,48.3476,11.8412,1925.0,251.8,-640.0,DESCENDING,1000
2026-06-14 16:25:06,4caf1d,ITY574,Ireland,47.4464,8.7126,3375.0,230.7,-768.0,DESCENDING,1000
2026-06-14 16:25:06,3deb83,CHX92,Germany,52.6589,13.4436,1475.0,198.9,193.0,LOW ALT,0020
2026-06-14 16:25:06,4d23a7,FJO53F,Malta,52.8892,11.8488,41000.0,811.9,0.0,CRUISE,7355
2026-06-14 16:25:06,4d23ea,CXI6DP,Malta,50.4588,8.6235,37000.0,969.3,0.0,CRUISE,3174
2026-06-14 16:25:06,3ff711,DMMUN,Germany,49.6981,10.9804,3150.0,266.0,-193.0,LOW ALT,7000
2026-06-14 16:25:06,4d2406,EWG8DR,,47.1671,7.2789,37025.0,803.9,128.0,CRUISE,2502
2026-06-14 16:25:06,4d2414,EWG9XY,,51.9119,9.7414,12725.0,679.6,-1600.0,DESCENDING,1000
2026-06-14 16:25:06,48ac80,LOT3ML,Poland,51.9385,12.7307,38000.0,766.1,-65.0,CRUISE,1000
2026-06-14 16:25:06,45c822,MMD6023,Denmark,51.6522,11.2892,43000.0,854.0,0.0,CRUISE,1000
2026-06-14 16:25:06,4d240f,EWG3CD,,51.2578,13.7169,30500.0,845.1,1152.0,CLIMBING,1000
2026-06-14 16:25:06,40753f,EXS8VD,United Kingdom,48.1538,12.0464,35000.0,957.9,0.0,CRUISE,2216
2026-06-14 16:25:06,4d2480,VJT473,,50.0687,8.7068,1975.0,278.3,-896.0,DESCENDING,1000
2026-06-14 16:25:06,4d2453,WZZ17ZC,,50.2289,14.3301,34025.0,667.8,0.0,CRUISE,4537
2026-06-14 16:25:06,406231,CFE27PM,United Kingdom,52.4992,13.5702,8000.0,493.5,128.0,LOW ALT,4616
2026-06-14 16:25:06,300781,DLA2MJ,Italy,47.9334,11.5266,15050.0,584.0,-1024.0,DESCENDING,1000
2026-06-14 16:25:06,4cae92,RYR97NR,Ireland,49.8349,7.7753,37000.0,990.8,0.0,CRUISE,4726
2026-06-14 16:25:06,4d22b7,RYR27BR,Malta,47.3029,13.9463,33725.0,748.5,705.0,CLIMBING,1000
2026-06-14 16:25:06,4cae4b,RYR7398,Ireland,51.76,14.2026,38000.0,802.8,0.0,CRUISE,4626
2026-06-14 16:25:06,4cae6b,RYR8AL,Ireland,53.2971,8.9072,35000.0,918.9,-65.0,CRUISE,1000
2026-06-14 16:25:06,4d22c4,RYR9BN,Malta,49.2132,14.5219,34050.0,667.8,1089.0,CLIMBING,5151
2026-06-14 16:25:06,4cae9b,RYR62HD,Ireland,52.1241,14.25,12000.0,495.5,0.0,CRUISE,1750
2026-06-14 16:25:06,4d2300,RYR859V,Malta,47.0844,13.0411,37000.0,880.5,65.0,CRUISE,1000
2026-06-14 16:25:06,3c56ee,EWG827,Germany,48.0158,8.9504,33975.0,750.3,0.0,CRUISE,2741
2026-06-14 16:25:06,4d233d,VJT659,Malta,47.8334,14.187,43000.0,691.8,-65.0,CRUISE,1000
2026-06-14 16:25:06,3c56ec,EWG2WY,Germany,51.4919,9.4153,34025.0,747.3,-65.0,CRUISE,1000
2026-06-14 16:25:06,4d2348,RYR90XP,Malta,52.7454,12.0538,38000.0,804.2,0.0,CRUISE,3104
2026-06-14 16:25:06,4d2395,TAR527,Malta,50.7968,7.4973,22425.0,866.2,1663.0,CLIMBING,2554
2026-06-14 16:25:06,4d2392,EWG27TK,Malta,47.9822,10.3782,19525.0,656.9,-2175.0,DESCENDING,2277
2026-06-14 16:25:06,3c56f0,EWG9L,Germany,52.7545,13.7661,11050.0,487.9,-449.0,DESCENDING,1000
2026-06-14 16:25:06,3c56f1,EWG7VN,Germany,52.3174,12.6187,33000.0,942.0,-65.0,CRUISE,7631
2026-06-14 16:25:06,398604,AFR17RZ,France,50.764,9.8537,39000.0,877.7,-65.0,CRUISE,1000
2026-06-14 16:25:06,4070ee,EXS95GL,United Kingdom,49.5047,7.4882,35000.0,984.2,0.0,CRUISE,4715
2026-06-14 16:25:06,4d21d4,CXI6HN,Malta,50.1808,10.4305,36025.0,682.8,0.0,CRUISE,1000
2026-06-14 16:25:06,3ff503,DMVMR,Germany,47.8098,7.1317,5725.0,182.2,128.0,LOW ALT,3450
2026-06-14 16:25:06,3c458a,BOX556,Germany,51.1387,12.8321,22075.0,851.2,2175.0,CLIMBING,6412
2026-06-14 16:25:06,4d21ea,RYR5YF,Malta,50.1138,7.4274,5050.0,395.5,-1089.0,DESCENDING,3576
2026-06-14 16:25:06,39c489,FHREJ,France,48.0296,7.2597,4700.0,144.1,577.0,CLIMBING,
2026-06-14 16:25:06,4b4eb1,HB2570,Switzerland,47.5139,8.7711,1400.0,2.6,-65.0,LOW ALT,7000
2026-06-14 16:25:06,3003ad,DLA2KX,Italy,48.3881,12.1003,5075.0,380.6,-1217.0,DESCENDING,1000
2026-06-14 16:25:06,4d2214,RYR88GF,Malta,47.2911,12.9087,32975.0,872.5,65.0,CRUISE,0257
2026-06-14 16:25:06,485a35,KLM38T,Kingdom of the Netherlands,48.787,9.0846,37025.0,772.4,1089.0,CLIMBING,1000
2026-06-14 16:25:06,485a33,KLM50N,Kingdom of the Netherlands,51.9074,7.455,30150.0,653.4,-961.0,DESCENDING,0760
2026-06-14 16:25:06,485a34,KLM67B,Kingdom of the Netherlands,52.4977,13.8876,4600.0,474.4,-640.0,DESCENDING,1000
2026-06-14 16:25:06,4d2225,RYR7NX,Malta,50.8912,7.1123,2475.0,356.4,1089.0,CLIMBING,4136
2026-06-14 16:25:06,4d2278,CXI4W,Malta,50.593,13.7184,38025.0,747.0,-65.0,CRUISE,1000
2026-06-14 16:25:06,3c68cb,BCS71C,Germany,51.5299,10.649,25800.0,676.2,961.0,CLIMBING,1000
2026-06-14 16:25:06,406015,EZY473K,United Kingdom,50.7213,9.9072,38000.0,704.8,0.0,CRUISE,2761
2026-06-14 16:25:06,40731c,BAW198,United Kingdom,47.458,7.5064,39975.0,823.2,-65.0,CRUISE,2764
2026-06-14 16:25:06,4cabdb,SAS695,Ireland,52.738,13.8437,35000.0,901.9,65.0,CRUISE,1000
2026-06-14 16:25:06,3ff359,DMSMP,Germany,50.6173,9.8716,3950.0,321.8,65.0,LOW ALT,7000
2026-06-14 16:25:06,4d216e,EWG51D,Malta,49.9971,7.838,24750.0,994.9,896.0,CLIMBING,1000
2026-06-14 16:25:06,493286,NJE151C,Portugal,47.4535,8.6143,2025.0,197.2,-577.0,DESCENDING,1000
2026-06-14 16:25:06,30055b,DLA8VT,Italy,48.3431,11.7827,1450.0,242.6,-833.0,DESCENDING,1000
2026-06-14 16:25:06,4b19ff,SWR854,Switzerland,48.9958,9.2672,30750.0,779.5,1024.0,CLIMBING,1000
2026-06-14 16:25:06,40837b,EXS28CN,United Kingdom,48.6147,10.1232,36975.0,969.7,65.0,CRUISE,3641
2026-06-14 16:25:06,4d2168,WMT8064,Malta,47.0285,7.9004,29175.0,774.2,-1024.0,DESCENDING,5221
2026-06-14 16:25:06,3c6917,CFG9VJ,Germany,47.5433,8.9924,30000.0,806.3,-65.0,CRUISE,1000
2026-06-14 16:25:06,4d2081,EWG5JH,Malta,52.1047,10.4338,30000.0,714.6,0.0,CRUISE,1000
2026-06-14 16:25:06,3d612f,DFJBB,Germany,49.4021,8.533,20000.0,369.4,-128.0,CRUISE,1000
2026-06-14 16:25:06,4b1942,ENT2621,Switzerland,48.6948,10.2631,19800.0,848.2,1407.0,CLIMBING,0127
2026-06-14 16:25:06,40717b,EXS6TV,United Kingdom,48.3207,11.7854,35000.0,968.7,0.0,CRUISE,2205
2026-06-14 16:25:06,407181,EXS1RG,United Kingdom,47.4887,13.0969,35000.0,902.3,0.0,CRUISE,7573
2026-06-14 16:25:06,4b194c,SWR1TX,Switzerland,53.2657,10.2603,9500.0,516.0,-1663.0,DESCENDING,3053
2026-06-14 16:25:06,498b22,KR01,Czech Republic,50.1213,13.8511,2050.0,270.8,65.0,LOW ALT,
2026-06-14 16:25:06,451e8c,GPX7CN,Bulgaria,48.4651,12.8846,37975.0,713.8,0.0,CRUISE,6042
2026-06-14 16:25:06,3c66eb,DLH3EK,Germany,50.0477,8.598,525.0,260.7,-768.0,DESCENDING,0763
2026-06-14 16:25:06,4692d9,AEE832,Greece,50.1062,8.9341,3925.0,375.2,0.0,LOW ALT,1000
2026-06-14 16:25:06,4d202d,SWU1954,Malta,50.1579,11.0884,24000.0,562.9,-65.0,CRUISE,0226
2026-06-14 16:25:06,3ff10c,DMYLB,Germany,50.5297,8.5804,1600.0,206.8,193.0,LOW ALT,7000
2026-06-14 16:25:06,3c66a6,DLH3YE,Germany,50.7654,7.2564,7600.0,545.2,1919.0,CLIMBING,1254
2026-06-14 16:25:06,3ff11e,DMJRH,Germany,47.9757,8.5163,2150.0,16.6,-65.0,LOW ALT,7000
2026-06-14 16:25:06,3c66ab,DLH5UK,Germany,50.557,11.3045,30000.0,701.3,0.0,CRUISE,7431
2026-06-14 16:25:06,4d200c,WMT5YY,Malta,48.2336,13.9718,35000.0,929.8,0.0,CRUISE,1346
2026-06-14 16:25:06,3d0c47,DECXB,Germany,49.3344,8.7001,5125.0,256.7,-65.0,LOW ALT,7000
2026-06-14 16:25:06,4b17fd,SWR9D,Switzerland,47.4697,8.6873,12450.0,550.3,3264.0,CLIMBING,3075
2026-06-14 16:25:06,398570,AFR68XQ,France,52.4683,9.6437,1625.0,241.0,2240.0,CLIMBING,1000
2026-06-14 16:25:06,4b1918,SWR161,Switzerland,47.7052,9.0774,8800.0,520.4,-768.0,DESCENDING,0734
2026-06-14 16:25:06,458664,CAT745,Denmark,49.989,7.3654,39000.0,846.1,0.0,CRUISE,0767
